{
    "name": "hello world",
    "blocks": [
        {
            "data": {
                "type": "Enemy"
            },
            "position": [7, 3]
        },
        {
            "data": { "type": "Dirt" },
            "position": [0, 1]
        },
        {
            "data": { "type": "Dirt" },
            "position": [1, 1]
        },
        {
            "data": { "type": "Dirt" },
            "position": [2, 1]
        },
        {
            "data": { "type": "Dirt" },
            "position": [3, 1]
        },
        {
            "data": { "type": "Dirt" },
            "position": [4, 1]
        },
        {
            "data": { "type": "Dirt" },
            "position": [5, 1]
        },
        {
            "data": { "type": "Dirt" },
            "position": [6, 2]
        },
        {
            "data": { "type": "Dirt" },
            "position": [7, 2]
        },
        {
            "data": { "type": "Dirt" },
            "position": [8, 2]
        },
        {
            "data": { "type": "Dirt" },
            "position": [9, 2]
        },
        {
            "data": { "type": "Dirt" },
            "position": [10, 2]
        },
        {
            "data": { "type": "Dirt" },
            "position": [11, 2]
        },
        {
            "data": { "type": "Dirt" },
            "position": [10, 6]
        },
        {
            "data": { "type": "Dirt" },
            "position": [11, 2]
        },
        {
            "data": { "type": "Dirt" },
            "position": [12, 2]
        },
        {
            "data": { "type": "Dirt" },
            "position": [13, 2]
        },
        {
            "data": { "type": "Dirt" },
            "position": [14, 2]
        },
        {
            "data": { "type": "Dirt" },
            "position": [15, 2]
        },
        {
            "data": { "type": "Dirt" },
            "position": [16, 2]
        },
        {
            "data": { "type": "Dirt" },
            "position": [17, 2]
        },
        {
            "data": { "type": "Dirt" },
            "position": [18, 2]
        },
        {
            "data": { "type": "Dirt" },
            "position": [19, 2]
        },
        {
            "data": { "type": "Dirt" },
            "position": [20, 2]
        },
        {
            "data": { "type": "Dirt" },
            "position": [21, 2]
        },
        {
            "data": { "type": "Dirt" },
            "position": [22, 2]
        },
        {
            "data": { "type": "Dirt" },
            "position": [23, 2]
        },
        {
            "data": { "type": "Dirt" },
            "position": [24, 2]
        },
        {
            "data": { "type": "Dirt" },
            "position": [25, 2]
        },
        {
            "data": { "type": "Dirt" },
            "position": [26, 2]
        },
        {
            "data": { "type": "Dirt" },
            "position": [27, 2]
        },
        {
            "data": { "type": "Dirt" },
            "position": [28, 2]
        },
        {
            "data": { "type": "Dirt" },
            "position": [29, 2]
        },
        {
            "data": { "type": "Dirt" },
            "position": [30, 2]
        },
        {
            "data": { "type": "Dirt" },
            "position": [31, 2]
        },
        {
            "data": { "type": "Dirt" },
            "position": [32, 2]
        },
        {
            "data": { "type": "Coin" },
            "position": [3, 3]
        }
    ]
}
